Department,MonthlySalary,PerformanceScore
Finance,74500.0,89.5
HR,58200.0,83.6
IT,64222.22222222222,87.33333333333333
Marketing,55400.0,84.4
Sales,54200.0,81.4
